{"Training Loss": 0.0003184162464077037, "_timestamp": 1685933616.0618517, "_runtime": 126.09354281425476, "_step": 19, "Validation Loss": 0.0005675515656968435, "_wandb": {"runtime": 131}}